{
    "viewMatrix": [
        0.5,
        0,
        0,
        0,
        0,
        0.5,
        0,
        0,
        0,
        0,
        1,
        0,
        222.74999999999997,
        318.99999999999994,
        0,
        1
    ],
    "curve": [
        [
            113,
            108,
            14,
            27.26
        ],
        [
            114,
            107,
            14,
            27.261
        ],
        [
            114,
            106,
            14,
            27.276
        ],
        [
            114,
            105,
            14,
            27.289
        ],
        [
            114,
            104,
            14,
            27.294
        ],
        [
            115,
            103,
            14,
            27.305
        ],
        [
            116,
            102,
            14,
            27.307000000000002
        ],
        [
            119,
            97,
            14,
            27.323
        ],
        [
            120,
            97,
            14,
            27.325
        ],
        [
            121,
            96,
            14,
            27.327
        ],
        [
            121,
            95,
            14,
            27.328
        ],
        [
            127,
            91,
            14,
            27.34
        ],
        [
            128,
            90,
            14,
            27.341
        ],
        [
            130,
            89,
            14,
            27.343
        ],
        [
            131,
            88,
            14,
            27.344
        ],
        [
            133,
            87,
            14,
            27.346
        ],
        [
            139,
            83,
            14,
            27.355
        ],
        [
            144,
            81,
            14,
            27.359
        ],
        [
            146,
            80,
            14,
            27.36
        ],
        [
            148,
            79,
            14,
            27.362000000000002
        ],
        [
            157,
            76,
            14,
            27.372
        ],
        [
            159,
            75,
            14,
            27.372
        ],
        [
            245,
            75,
            14,
            27.425
        ],
        [
            255,
            78,
            14,
            27.433
        ],
        [
            259,
            79,
            14,
            27.434
        ],
        [
            262,
            79,
            14,
            27.435000000000002
        ],
        [
            276,
            84,
            14,
            27.444
        ],
        [
            288,
            90,
            14,
            27.455000000000002
        ],
        [
            290,
            91,
            14,
            27.457
        ],
        [
            292,
            93,
            14,
            27.458000000000002
        ],
        [
            302,
            101,
            14,
            27.471
        ],
        [
            303,
            103,
            14,
            27.474
        ],
        [
            304,
            105,
            14,
            27.475
        ],
        [
            305,
            106,
            14,
            27.477
        ],
        [
            308,
            117,
            14,
            27.491
        ],
        [
            309,
            119,
            14,
            27.492
        ],
        [
            309,
            122,
            14,
            27.495
        ],
        [
            308,
            136,
            14,
            27.508
        ],
        [
            308,
            138,
            14,
            27.508
        ],
        [
            307,
            140,
            14,
            27.511
        ],
        [
            306,
            143,
            14,
            27.512
        ],
        [
            277,
            173,
            14,
            27.546
        ],
        [
            274,
            174,
            14,
            27.548000000000002
        ],
        [
            271,
            174,
            14,
            27.551000000000002
        ],
        [
            269,
            175,
            14,
            27.554000000000002
        ],
        [
            251,
            176,
            14,
            27.566
        ],
        [
            245,
            176,
            14,
            27.568
        ],
        [
            225,
            173,
            14,
            27.581
        ],
        [
            222,
            172,
            14,
            27.582
        ],
        [
            218,
            170,
            14,
            27.584
        ],
        [
            214,
            169,
            14,
            27.586000000000002
        ],
        [
            211,
            167,
            14,
            27.59
        ],
        [
            208,
            166,
            14,
            27.59
        ],
        [
            184,
            152,
            14,
            27.604
        ],
        [
            181,
            150,
            14,
            27.608
        ],
        [
            167,
            138,
            14,
            27.619
        ],
        [
            164,
            134,
            14,
            27.623
        ],
        [
            161,
            125,
            14,
            27.636
        ],
        [
            161,
            124,
            14,
            27.64
        ],
        [
            161,
            123,
            14,
            27.642
        ],
        [
            161,
            122,
            14,
            27.642
        ],
        [
            170,
            114,
            14,
            27.656
        ],
        [
            182,
            109,
            14,
            27.667
        ],
        [
            188,
            108,
            14,
            27.67
        ],
        [
            208,
            107,
            14,
            27.682000000000002
        ],
        [
            212,
            107,
            14,
            27.682000000000002
        ],
        [
            221,
            107,
            14,
            27.687
        ],
        [
            255,
            108,
            14,
            27.701
        ],
        [
            260,
            109,
            14,
            27.704
        ],
        [
            270,
            110,
            14,
            27.707
        ],
        [
            302,
            115,
            14,
            27.719
        ],
        [
            308,
            116,
            14,
            27.723
        ],
        [
            312,
            117,
            14,
            27.723
        ],
        [
            354,
            130,
            14,
            27.741
        ],
        [
            361,
            134,
            14,
            27.745
        ],
        [
            383,
            152,
            14,
            27.763
        ],
        [
            385,
            156,
            14,
            27.767
        ],
        [
            385,
            158,
            14,
            27.77
        ],
        [
            383,
            175,
            14,
            27.783
        ],
        [
            380,
            181,
            14,
            27.786
        ],
        [
            377,
            185,
            14,
            27.79
        ],
        [
            361,
            198,
            14,
            27.803
        ],
        [
            354,
            201,
            14,
            27.807000000000002
        ],
        [
            347,
            204,
            14,
            27.811
        ],
        [
            319,
            208,
            14,
